product_id,product_name,product_category,price,discount_percent,discounted_price,rating,quantity_sold,review_count,customer_region,payment_method,image_url,description,in_stock,delivery_days
P0001,iPhone 15 Pro Max,Electronics,59308.32,50,29654.16,4.7,5744,467,East,COD,https://dummyimage.com/300x300/4A90E2/ffffff?text=Ele,Best Electronics product with 50% discount. iPhone 15 Pro Max - High quality product with 4.7 star rating.,True,4
P0002,Samsung Galaxy S24 Ultra,Electronics,25715.69,10,23144.12,3.5,779,2392,West,PayPal,https://dummyimage.com/300x300/4A90E2/ffffff?text=Ele,Best Electronics product with 10% discount. Samsung Galaxy S24 Ultra - High quality product with 3.5 star rating.,True,5
P0003,MacBook Pro M3,Electronics,94534.82,45,51994.15,4.3,8676,1083,South,Debit Card,https://dummyimage.com/300x300/4A90E2/ffffff?text=Ele,Best Electronics product with 45% discount. MacBook Pro M3 - High quality product with 4.3 star rating.,False,6
P0004,Sony WH-1000XM5 Headphones,Electronics,18137.93,10,16324.14,4.1,1277,1529,East,UPI,https://dummyimage.com/300x300/4A90E2/ffffff?text=Ele,Best Electronics product with 10% discount. Sony WH-1000XM5 Headphones - High quality product with 4.1 star rating.,True,5
P0005,Dell XPS 15 Laptop,Electronics,70322.39,5,66806.27,4.9,8443,2042,North,PayPal,https://dummyimage.com/300x300/4A90E2/ffffff?text=Ele,Best Electronics product with 5% discount. Dell XPS 15 Laptop - High quality product with 4.9 star rating.,True,4
P0006,iPad Pro 12.9,Electronics,39948.69,30,27964.08,4.4,785,4015,East,Credit Card,https://dummyimage.com/300x300/4A90E2/ffffff?text=Ele,Best Electronics product with 30% discount. iPad Pro 12.9 - High quality product with 4.4 star rating.,True,4
P0007,Google Pixel 8 Pro,Electronics,50198.11,25,37648.58,3.8,3853,1501,South,PayPal,https://dummyimage.com/300x300/4A90E2/ffffff?text=Ele,Best Electronics product with 25% discount. Google Pixel 8 Pro - High quality product with 3.8 star rating.,True,2
P0008,Apple Watch Series 9,Electronics,134749.97,35,87587.48,4.4,9477,1017,Central,UPI,https://dummyimage.com/300x300/4A90E2/ffffff?text=Ele,Best Electronics product with 35% discount. Apple Watch Series 9 - High quality product with 4.4 star rating.,True,5
P0009,AirPods Pro 2,Electronics,90078.92,40,54047.35,3.9,8581,493,North,UPI,https://dummyimage.com/300x300/4A90E2/ffffff?text=Ele,Best Electronics product with 40% discount. AirPods Pro 2 - High quality product with 3.9 star rating.,True,1
P0010,Xiaomi 14 Ultra,Electronics,7267.28,40,4360.37,4.7,2037,2696,East,COD,https://dummyimage.com/300x300/4A90E2/ffffff?text=Ele,Best Electronics product with 40% discount. Xiaomi 14 Ultra - High quality product with 4.7 star rating.,True,3
P0011,OnePlus 12,Electronics,119575.45,50,59787.73,3.6,6194,3100,North,Debit Card,https://dummyimage.com/300x300/4A90E2/ffffff?text=Ele,Best Electronics product with 50% discount. OnePlus 12 - High quality product with 3.6 star rating.,True,6
P0012,Realme GT 5G,Electronics,52151.58,10,46936.42,4.4,8164,1571,North,COD,https://dummyimage.com/300x300/4A90E2/ffffff?text=Ele,Best Electronics product with 10% discount. Realme GT 5G - High quality product with 4.4 star rating.,True,6
P0013,Lenovo ThinkPad,Electronics,128092.5,20,102474.0,4.3,6920,4494,East,Credit Card,https://dummyimage.com/300x300/4A90E2/ffffff?text=Ele,Best Electronics product with 20% discount. Lenovo ThinkPad - High quality product with 4.3 star rating.,True,2
P0014,HP Spectre x360,Electronics,8685.77,10,7817.2,3.5,2800,564,Central,Debit Card,https://dummyimage.com/300x300/4A90E2/ffffff?text=Ele,Best Electronics product with 10% discount. HP Spectre x360 - High quality product with 3.5 star rating.,True,5
P0015,Asus ROG Strix,Electronics,83276.96,15,70785.41,4.9,9924,3315,West,PayPal,https://dummyimage.com/300x300/4A90E2/ffffff?text=Ele,Best Electronics product with 15% discount. Asus ROG Strix - High quality product with 4.9 star rating.,True,6
P0016,Acer Predator Helios,Electronics,96843.54,25,72632.66,4.2,3637,1364,East,PayPal,https://dummyimage.com/300x300/4A90E2/ffffff?text=Ele,Best Electronics product with 25% discount. Acer Predator Helios - High quality product with 4.2 star rating.,True,1
P0017,Bose QuietComfort,Electronics,51110.5,0,51110.5,3.9,1316,4030,North,Debit Card,https://dummyimage.com/300x300/4A90E2/ffffff?text=Ele,Best Electronics product with 0% discount. Bose QuietComfort - High quality product with 3.9 star rating.,True,3
P0018,JBL Charge 5,Electronics,6008.06,35,3905.24,4.3,4423,3749,North,COD,https://dummyimage.com/300x300/4A90E2/ffffff?text=Ele,Best Electronics product with 35% discount. JBL Charge 5 - High quality product with 4.3 star rating.,True,3
P0019,Canon EOS R5,Electronics,51864.43,35,33711.88,4.6,5242,1854,North,PayPal,https://dummyimage.com/300x300/4A90E2/ffffff?text=Ele,Best Electronics product with 35% discount. Canon EOS R5 - High quality product with 4.6 star rating.,False,6
P0020,Nikon Z8,Electronics,105964.12,10,95367.71,4.0,3706,3000,North,COD,https://dummyimage.com/300x300/4A90E2/ffffff?text=Ele,Best Electronics product with 10% discount. Nikon Z8 - High quality product with 4.0 star rating.,True,2
P0021,GoPro Hero 12,Electronics,64600.37,30,45220.26,3.9,7402,3475,South,UPI,https://dummyimage.com/300x300/4A90E2/ffffff?text=Ele,Best Electronics product with 30% discount. GoPro Hero 12 - High quality product with 3.9 star rating.,True,6
P0022,Fitbit Charge 6,Electronics,40098.01,15,34083.31,3.6,4228,4497,Central,Debit Card,https://dummyimage.com/300x300/4A90E2/ffffff?text=Ele,Best Electronics product with 15% discount. Fitbit Charge 6 - High quality product with 3.6 star rating.,False,6
P0023,LG C3 OLED TV,Electronics,82687.33,0,82687.33,3.7,4292,3398,Central,COD,https://dummyimage.com/300x300/4A90E2/ffffff?text=Ele,Best Electronics product with 0% discount. LG C3 OLED TV - High quality product with 3.7 star rating.,True,3
P0024,Sony A95L TV,Electronics,36934.95,45,20314.22,4.3,8348,3220,West,Credit Card,https://dummyimage.com/300x300/4A90E2/ffffff?text=Ele,Best Electronics product with 45% discount. Sony A95L TV - High quality product with 4.3 star rating.,True,2
P0025,PlayStation 5,Electronics,126467.97,50,63233.98,4.0,6626,4062,South,COD,https://dummyimage.com/300x300/4A90E2/ffffff?text=Ele,Best Electronics product with 50% discount. PlayStation 5 - High quality product with 4.0 star rating.,True,2
P0026,Xbox Series X,Electronics,147414.41,15,125302.25,4.3,2059,3724,Central,UPI,https://dummyimage.com/300x300/4A90E2/ffffff?text=Ele,Best Electronics product with 15% discount. Xbox Series X - High quality product with 4.3 star rating.,True,1
P0027,Nike Air Max 90,Clothing,4543.63,10,4089.27,4.6,1164,4500,North,Debit Card,https://dummyimage.com/300x300/E74C3C/ffffff?text=Clo,Best Clothing product with 10% discount. Nike Air Max 90 - High quality product with 4.6 star rating.,True,4
P0028,Adidas Ultraboost 22,Clothing,13529.04,15,11499.68,4.4,2567,99,North,UPI,https://dummyimage.com/300x300/E74C3C/ffffff?text=Clo,Best Clothing product with 15% discount. Adidas Ultraboost 22 - High quality product with 4.4 star rating.,True,6
P0029,Levi's 501 Jeans,Clothing,8456.64,25,6342.48,4.2,966,4068,North,Debit Card,https://dummyimage.com/300x300/E74C3C/ffffff?text=Clo,Best Clothing product with 25% discount. Levi's 501 Jeans - High quality product with 4.2 star rating.,True,5
P0030,Puma RS-X Sneakers,Clothing,3092.93,35,2010.4,4.5,1228,4497,North,Debit Card,https://dummyimage.com/300x300/E74C3C/ffffff?text=Clo,Best Clothing product with 35% discount. Puma RS-X Sneakers - High quality product with 4.5 star rating.,True,6
P0031,Zara Blazer Jacket,Clothing,4345.43,25,3259.08,5.0,8764,2486,East,COD,https://dummyimage.com/300x300/E74C3C/ffffff?text=Clo,Best Clothing product with 25% discount. Zara Blazer Jacket - High quality product with 5.0 star rating.,True,6
P0032,Gucci GG Marmont Bag,Clothing,9854.0,0,9854.0,3.8,8006,816,East,Debit Card,https://dummyimage.com/300x300/E74C3C/ffffff?text=Clo,Best Clothing product with 0% discount. Gucci GG Marmont Bag - High quality product with 3.8 star rating.,True,1
P0033,H&M Slim Fit Dress,Clothing,1132.25,20,905.8,4.8,1070,2328,Central,Credit Card,https://dummyimage.com/300x300/E74C3C/ffffff?text=Clo,Best Clothing product with 20% discount. H&M Slim Fit Dress - High quality product with 4.8 star rating.,True,3
P0034,Supreme Box Logo Hoodie,Clothing,14714.81,15,12507.59,3.9,990,2976,North,COD,https://dummyimage.com/300x300/E74C3C/ffffff?text=Clo,Best Clothing product with 15% discount. Supreme Box Logo Hoodie - High quality product with 3.9 star rating.,True,1
P0035,Louis Vuitton Belt,Clothing,6223.03,25,4667.27,4.5,1905,2734,South,PayPal,https://dummyimage.com/300x300/E74C3C/ffffff?text=Clo,Best Clothing product with 25% discount. Louis Vuitton Belt - High quality product with 4.5 star rating.,True,2
P0036,Ray-Ban Aviator Sunglasses,Clothing,13221.91,0,13221.91,4.8,7570,4342,Central,PayPal,https://dummyimage.com/300x300/E74C3C/ffffff?text=Clo,Best Clothing product with 0% discount. Ray-Ban Aviator Sunglasses - High quality product with 4.8 star rating.,True,3
P0037,Tommy Hilfiger Polo Shirt,Clothing,4215.0,35,2739.75,4.9,5635,2951,North,Debit Card,https://dummyimage.com/300x300/E74C3C/ffffff?text=Clo,Best Clothing product with 35% discount. Tommy Hilfiger Polo Shirt - High quality product with 4.9 star rating.,True,1
P0038,Calvin Klein Boxer Briefs,Clothing,1528.64,10,1375.78,4.0,5929,2775,East,Credit Card,https://dummyimage.com/300x300/E74C3C/ffffff?text=Clo,Best Clothing product with 10% discount. Calvin Klein Boxer Briefs - High quality product with 4.0 star rating.,True,6
P0039,Under Armour Tech Tee,Clothing,4654.85,45,2560.17,4.8,9917,4778,East,Debit Card,https://dummyimage.com/300x300/E74C3C/ffffff?text=Clo,Best Clothing product with 45% discount. Under Armour Tech Tee - High quality product with 4.8 star rating.,True,5
P0040,Reebok Nano X3,Clothing,4437.37,20,3549.9,4.2,4879,877,West,COD,https://dummyimage.com/300x300/E74C3C/ffffff?text=Clo,Best Clothing product with 20% discount. Reebok Nano X3 - High quality product with 4.2 star rating.,True,4
P0041,New Balance 550,Clothing,2424.81,5,2303.57,4.3,1703,1683,North,COD,https://dummyimage.com/300x300/E74C3C/ffffff?text=Clo,Best Clothing product with 5% discount. New Balance 550 - High quality product with 4.3 star rating.,True,2
P0042,Vans Old Skool,Clothing,867.59,20,694.07,3.6,1160,1932,Central,Credit Card,https://dummyimage.com/300x300/E74C3C/ffffff?text=Clo,Best Clothing product with 20% discount. Vans Old Skool - High quality product with 3.6 star rating.,True,1
P0043,Converse Chuck Taylor,Clothing,6914.11,25,5185.58,4.6,7414,4993,Central,UPI,https://dummyimage.com/300x300/E74C3C/ffffff?text=Clo,Best Clothing product with 25% discount. Converse Chuck Taylor - High quality product with 4.6 star rating.,True,3
P0044,Fila Disruptor,Clothing,4092.1,10,3682.89,4.6,2754,3357,West,UPI,https://dummyimage.com/300x300/E74C3C/ffffff?text=Clo,Best Clothing product with 10% discount. Fila Disruptor - High quality product with 4.6 star rating.,True,6
P0045,Versace Eros Perfume,Clothing,12904.18,15,10968.55,3.8,6627,2480,Central,Debit Card,https://dummyimage.com/300x300/E74C3C/ffffff?text=Clo,Best Clothing product with 15% discount. Versace Eros Perfume - High quality product with 3.8 star rating.,True,6
P0046,Armani Suit,Clothing,9921.72,45,5456.95,4.4,2859,3252,South,PayPal,https://dummyimage.com/300x300/E74C3C/ffffff?text=Clo,Best Clothing product with 45% discount. Armani Suit - High quality product with 4.4 star rating.,True,1
P0047,Balenciaga Triple S,Clothing,8320.97,15,7072.83,4.4,8537,4593,West,COD,https://dummyimage.com/300x300/E74C3C/ffffff?text=Clo,Best Clothing product with 15% discount. Balenciaga Triple S - High quality product with 4.4 star rating.,True,4
P0048,Off-White Hoodie,Clothing,6128.46,0,6128.46,4.2,2748,3499,Central,Debit Card,https://dummyimage.com/300x300/E74C3C/ffffff?text=Clo,Best Clothing product with 0% discount. Off-White Hoodie - High quality product with 4.2 star rating.,True,1
P0049,Prada Bag,Clothing,9946.53,50,4973.26,3.8,4117,3374,South,UPI,https://dummyimage.com/300x300/E74C3C/ffffff?text=Clo,Best Clothing product with 50% discount. Prada Bag - High quality product with 3.8 star rating.,True,3
P0050,L-Shaped Sofa Set,Home,17491.16,45,9620.14,4.0,9827,3070,South,COD,https://dummyimage.com/300x300/2ECC71/ffffff?text=Hom,Best Home product with 45% discount. L-Shaped Sofa Set - High quality product with 4.0 star rating.,True,4
P0051,Solid Wood Dining Table,Home,34951.63,5,33204.05,4.4,422,729,Central,UPI,https://dummyimage.com/300x300/2ECC71/ffffff?text=Hom,Best Home product with 5% discount. Solid Wood Dining Table - High quality product with 4.4 star rating.,True,2
P0052,King Size Bed Frame,Home,21750.08,35,14137.55,4.7,1132,4080,West,PayPal,https://dummyimage.com/300x300/2ECC71/ffffff?text=Hom,Best Home product with 35% discount. King Size Bed Frame - High quality product with 4.7 star rating.,True,6
P0053,LED Study Lamp,Home,28531.47,0,28531.47,4.5,2924,4969,North,Credit Card,https://dummyimage.com/300x300/2ECC71/ffffff?text=Hom,Best Home product with 0% discount. LED Study Lamp - High quality product with 4.5 star rating.,True,1
P0054,Marble Coffee Table,Home,16682.43,50,8341.22,3.6,405,4172,North,Debit Card,https://dummyimage.com/300x300/2ECC71/ffffff?text=Hom,Best Home product with 50% discount. Marble Coffee Table - High quality product with 3.6 star rating.,False,4
P0055,Wall Mounted Bookshelf,Home,29098.46,20,23278.77,3.6,4501,2939,Central,Debit Card,https://dummyimage.com/300x300/2ECC71/ffffff?text=Hom,Best Home product with 20% discount. Wall Mounted Bookshelf - High quality product with 3.6 star rating.,True,1
P0056,Panasonic Microwave,Home,6559.77,20,5247.81,4.2,6551,3295,South,UPI,https://dummyimage.com/300x300/2ECC71/ffffff?text=Hom,Best Home product with 20% discount. Panasonic Microwave - High quality product with 4.2 star rating.,True,5
P0057,Dyson Vacuum Cleaner,Home,18194.84,5,17285.09,5.0,7251,954,West,Credit Card,https://dummyimage.com/300x300/2ECC71/ffffff?text=Hom,Best Home product with 5% discount. Dyson Vacuum Cleaner - High quality product with 5.0 star rating.,True,6
P0058,Philips Air Purifier,Home,35347.49,45,19441.12,4.1,6948,2682,South,UPI,https://dummyimage.com/300x300/2ECC71/ffffff?text=Hom,Best Home product with 45% discount. Philips Air Purifier - High quality product with 4.1 star rating.,True,6
P0059,Kent Water Purifier,Home,49345.34,0,49345.34,4.8,9882,511,North,UPI,https://dummyimage.com/300x300/2ECC71/ffffff?text=Hom,Best Home product with 0% discount. Kent Water Purifier - High quality product with 4.8 star rating.,True,6
P0060,Samsung Refrigerator,Home,35700.88,10,32130.79,4.7,5311,2215,East,PayPal,https://dummyimage.com/300x300/2ECC71/ffffff?text=Hom,Best Home product with 10% discount. Samsung Refrigerator - High quality product with 4.7 star rating.,True,6
P0061,LG Washing Machine,Home,25138.63,5,23881.7,4.2,9283,456,Central,Credit Card,https://dummyimage.com/300x300/2ECC71/ffffff?text=Hom,Best Home product with 5% discount. LG Washing Machine - High quality product with 4.2 star rating.,True,3
P0062,Bosch Dishwasher,Home,29585.07,40,17751.04,4.1,7586,824,North,UPI,https://dummyimage.com/300x300/2ECC71/ffffff?text=Hom,Best Home product with 40% discount. Bosch Dishwasher - High quality product with 4.1 star rating.,False,4
P0063,OTG Oven,Home,48917.13,20,39133.71,3.6,5358,1251,East,Debit Card,https://dummyimage.com/300x300/2ECC71/ffffff?text=Hom,Best Home product with 20% discount. OTG Oven - High quality product with 3.6 star rating.,True,1
P0064,Philips Toaster,Home,11623.65,0,11623.65,4.4,8063,3331,North,COD,https://dummyimage.com/300x300/2ECC71/ffffff?text=Hom,Best Home product with 0% discount. Philips Toaster - High quality product with 4.4 star rating.,True,6
P0065,NutriBullet Blender,Home,23327.18,20,18661.74,3.9,6829,4186,South,Debit Card,https://dummyimage.com/300x300/2ECC71/ffffff?text=Hom,Best Home product with 20% discount. NutriBullet Blender - High quality product with 3.9 star rating.,True,4
P0066,Preethi Mixer Grinder,Home,18656.91,15,15858.37,5.0,7112,2509,West,UPI,https://dummyimage.com/300x300/2ECC71/ffffff?text=Hom,Best Home product with 15% discount. Preethi Mixer Grinder - High quality product with 5.0 star rating.,True,3
P0067,Philips Iron Box,Home,41304.32,5,39239.11,4.1,4814,1839,North,PayPal,https://dummyimage.com/300x300/2ECC71/ffffff?text=Hom,Best Home product with 5% discount. Philips Iron Box - High quality product with 4.1 star rating.,True,6
P0068,Bajaj Heater,Home,43437.13,20,34749.7,3.5,2203,224,North,COD,https://dummyimage.com/300x300/2ECC71/ffffff?text=Hom,Best Home product with 20% discount. Bajaj Heater - High quality product with 3.5 star rating.,True,1
P0069,Daikin AC,Home,48525.81,50,24262.9,4.4,4010,1634,North,COD,https://dummyimage.com/300x300/2ECC71/ffffff?text=Hom,Best Home product with 50% discount. Daikin AC - High quality product with 4.4 star rating.,True,5
P0070,Havells Ceiling Fan,Home,3762.4,25,2821.8,4.5,9870,1461,Central,UPI,https://dummyimage.com/300x300/2ECC71/ffffff?text=Hom,Best Home product with 25% discount. Havells Ceiling Fan - High quality product with 4.5 star rating.,True,2
P0071,Titan Wall Clock,Home,19514.68,20,15611.74,4.2,6007,2049,East,UPI,https://dummyimage.com/300x300/2ECC71/ffffff?text=Hom,Best Home product with 20% discount. Titan Wall Clock - High quality product with 4.2 star rating.,True,6
P0072,Cotton Curtains,Home,44032.81,35,28621.33,4.4,3429,1575,South,PayPal,https://dummyimage.com/300x300/2ECC71/ffffff?text=Hom,Best Home product with 35% discount. Cotton Curtains - High quality product with 4.4 star rating.,True,6
P0073,Woolen Carpet,Home,41737.2,5,39650.34,4.8,1087,236,Central,COD,https://dummyimage.com/300x300/2ECC71/ffffff?text=Hom,Best Home product with 5% discount. Woolen Carpet - High quality product with 4.8 star rating.,True,5
P0074,Memory Foam Mattress,Home,31395.17,5,29825.41,4.7,6891,1330,South,PayPal,https://dummyimage.com/300x300/2ECC71/ffffff?text=Hom,Best Home product with 5% discount. Memory Foam Mattress - High quality product with 4.7 star rating.,True,3
P0075,Pillow Set,Home,5459.1,5,5186.15,4.0,4271,1359,West,PayPal,https://dummyimage.com/300x300/2ECC71/ffffff?text=Hom,Best Home product with 5% discount. Pillow Set - High quality product with 4.0 star rating.,True,5
P0076,MAC Ruby Woo Lipstick,Beauty,6412.48,45,3526.86,4.9,5459,2833,West,Debit Card,https://dummyimage.com/300x300/F39C12/ffffff?text=Bea,Best Beauty product with 45% discount. MAC Ruby Woo Lipstick - High quality product with 4.9 star rating.,True,2
P0077,Estee Lauder Foundation,Beauty,5042.28,5,4790.17,4.0,3828,4139,East,COD,https://dummyimage.com/300x300/F39C12/ffffff?text=Bea,Best Beauty product with 5% discount. Estee Lauder Foundation - High quality product with 4.0 star rating.,True,3
P0078,Channel No.5 Perfume,Beauty,1282.85,35,833.85,3.8,9921,281,East,COD,https://dummyimage.com/300x300/F39C12/ffffff?text=Bea,Best Beauty product with 35% discount. Channel No.5 Perfume - High quality product with 3.8 star rating.,True,2
P0079,Olay Face Cream,Beauty,4895.1,10,4405.59,3.6,5134,4700,South,UPI,https://dummyimage.com/300x300/F39C12/ffffff?text=Bea,Best Beauty product with 10% discount. Olay Face Cream - High quality product with 3.6 star rating.,True,6
P0080,Dyson Hair Dryer,Beauty,1140.96,40,684.58,4.0,2603,1969,South,UPI,https://dummyimage.com/300x300/F39C12/ffffff?text=Bea,Best Beauty product with 40% discount. Dyson Hair Dryer - High quality product with 4.0 star rating.,True,2
P0081,OPI Nail Polish,Beauty,6435.4,40,3861.24,4.5,6503,4203,Central,Credit Card,https://dummyimage.com/300x300/F39C12/ffffff?text=Bea,Best Beauty product with 40% discount. OPI Nail Polish - High quality product with 4.5 star rating.,True,1
P0082,Dove Shampoo,Beauty,859.23,10,773.31,3.8,312,639,South,Debit Card,https://dummyimage.com/300x300/F39C12/ffffff?text=Bea,Best Beauty product with 10% discount. Dove Shampoo - High quality product with 3.8 star rating.,True,2
P0083,Neutrogena Sunscreen,Beauty,6030.27,50,3015.14,3.9,5136,1647,East,Debit Card,https://dummyimage.com/300x300/F39C12/ffffff?text=Bea,Best Beauty product with 50% discount. Neutrogena Sunscreen - High quality product with 3.9 star rating.,True,2
P0084,Cetaphil Moisturizer,Beauty,2962.34,10,2666.11,3.9,8162,4581,West,PayPal,https://dummyimage.com/300x300/F39C12/ffffff?text=Bea,Best Beauty product with 10% discount. Cetaphil Moisturizer - High quality product with 3.9 star rating.,True,1
P0085,The Ordinary Serum,Beauty,1849.29,45,1017.11,4.3,4642,3597,West,Credit Card,https://dummyimage.com/300x300/F39C12/ffffff?text=Bea,Best Beauty product with 45% discount. The Ordinary Serum - High quality product with 4.3 star rating.,True,3
P0086,Himalaya Face Wash,Beauty,5260.82,5,4997.78,3.6,4216,1494,South,Credit Card,https://dummyimage.com/300x300/F39C12/ffffff?text=Bea,Best Beauty product with 5% discount. Himalaya Face Wash - High quality product with 3.6 star rating.,True,2
P0087,Nivea Body Lotion,Beauty,2413.45,25,1810.09,4.8,1771,3515,East,UPI,https://dummyimage.com/300x300/F39C12/ffffff?text=Bea,Best Beauty product with 25% discount. Nivea Body Lotion - High quality product with 4.8 star rating.,True,1
P0088,Mamaearth Hair Oil,Beauty,2050.37,25,1537.78,3.8,1615,2564,East,Credit Card,https://dummyimage.com/300x300/F39C12/ffffff?text=Bea,Best Beauty product with 25% discount. Mamaearth Hair Oil - High quality product with 3.8 star rating.,True,3
P0089,Pantene Conditioner,Beauty,342.29,20,273.83,5.0,5352,6,South,Debit Card,https://dummyimage.com/300x300/F39C12/ffffff?text=Bea,Best Beauty product with 20% discount. Pantene Conditioner - High quality product with 5.0 star rating.,False,4
P0090,Philips Hair Straightener,Beauty,241.34,25,181.01,3.9,2561,4290,East,PayPal,https://dummyimage.com/300x300/F39C12/ffffff?text=Bea,Best Beauty product with 25% discount. Philips Hair Straightener - High quality product with 3.9 star rating.,True,4
P0091,Dyson Curling Iron,Beauty,1799.6,45,989.78,4.0,8925,225,West,Credit Card,https://dummyimage.com/300x300/F39C12/ffffff?text=Bea,Best Beauty product with 45% discount. Dyson Curling Iron - High quality product with 4.0 star rating.,True,1
P0092,Maybelline Makeup Kit,Beauty,4962.84,25,3722.13,4.4,4244,2027,East,Credit Card,https://dummyimage.com/300x300/F39C12/ffffff?text=Bea,Best Beauty product with 25% discount. Maybelline Makeup Kit - High quality product with 4.4 star rating.,True,2
P0093,Lakme Eyeliner,Beauty,4479.1,45,2463.51,5.0,2070,3714,West,Credit Card,https://dummyimage.com/300x300/F39C12/ffffff?text=Bea,Best Beauty product with 45% discount. Lakme Eyeliner - High quality product with 5.0 star rating.,True,1
P0094,L'Oreal Mascara,Beauty,6129.78,50,3064.89,4.2,3500,3678,North,UPI,https://dummyimage.com/300x300/F39C12/ffffff?text=Bea,Best Beauty product with 50% discount. L'Oreal Mascara - High quality product with 4.2 star rating.,True,4
P0095,Faces Canada Compact Powder,Beauty,3386.44,20,2709.15,4.6,5266,2636,East,COD,https://dummyimage.com/300x300/F39C12/ffffff?text=Bea,Best Beauty product with 20% discount. Faces Canada Compact Powder - High quality product with 4.6 star rating.,True,6
P0096,Kajal,Beauty,575.14,35,373.84,4.7,9454,1315,Central,UPI,https://dummyimage.com/300x300/F39C12/ffffff?text=Bea,Best Beauty product with 35% discount. Kajal - High quality product with 4.7 star rating.,True,3
P0097,Fenty Lip Gloss,Beauty,5143.32,15,4371.82,4.0,1075,2137,South,COD,https://dummyimage.com/300x300/F39C12/ffffff?text=Bea,Best Beauty product with 15% discount. Fenty Lip Gloss - High quality product with 4.0 star rating.,True,1
P0098,Nyx Lip Liner,Beauty,6031.35,0,6031.35,3.8,1258,3055,South,UPI,https://dummyimage.com/300x300/F39C12/ffffff?text=Bea,Best Beauty product with 0% discount. Nyx Lip Liner - High quality product with 3.8 star rating.,True,3
P0099,Biotique Face Pack,Beauty,4434.22,25,3325.67,4.9,1212,2036,East,Debit Card,https://dummyimage.com/300x300/F39C12/ffffff?text=Bea,Best Beauty product with 25% discount. Biotique Face Pack - High quality product with 4.9 star rating.,False,1
P0100,Adidas Football,Sports,7999.54,20,6399.63,4.7,2346,2244,South,PayPal,https://dummyimage.com/300x300/9B59B6/ffffff?text=Spo,Best Sports product with 20% discount. Adidas Football - High quality product with 4.7 star rating.,True,2
P0101,Spalding Basketball,Sports,8749.42,25,6562.06,4.3,6381,3229,Central,UPI,https://dummyimage.com/300x300/9B59B6/ffffff?text=Spo,Best Sports product with 25% discount. Spalding Basketball - High quality product with 4.3 star rating.,True,4
P0102,Wilson Tennis Racket,Sports,19365.48,50,9682.74,4.5,6908,1956,West,PayPal,https://dummyimage.com/300x300/9B59B6/ffffff?text=Spo,Best Sports product with 50% discount. Wilson Tennis Racket - High quality product with 4.5 star rating.,True,5
P0103,Yoga Mat Premium,Sports,20721.93,45,11397.06,4.0,6176,815,South,COD,https://dummyimage.com/300x300/9B59B6/ffffff?text=Spo,Best Sports product with 45% discount. Yoga Mat Premium - High quality product with 4.0 star rating.,True,5
P0104,Bowflex Dumbbells,Sports,3736.17,5,3549.36,4.4,7800,1640,West,COD,https://dummyimage.com/300x300/9B59B6/ffffff?text=Spo,Best Sports product with 5% discount. Bowflex Dumbbells - High quality product with 4.4 star rating.,True,4
P0105,Studds Cycling Helmet,Sports,22993.14,20,18394.51,4.9,5969,127,South,Credit Card,https://dummyimage.com/300x300/9B59B6/ffffff?text=Spo,Best Sports product with 20% discount. Studds Cycling Helmet - High quality product with 4.9 star rating.,True,2
P0106,ASICS Running Shoes,Sports,2002.36,10,1802.13,4.6,3378,3798,East,Credit Card,https://dummyimage.com/300x300/9B59B6/ffffff?text=Spo,Best Sports product with 10% discount. ASICS Running Shoes - High quality product with 4.6 star rating.,True,5
P0107,Speedo Swim Goggles,Sports,4388.36,15,3730.1,3.7,2882,3073,East,UPI,https://dummyimage.com/300x300/9B59B6/ffffff?text=Spo,Best Sports product with 15% discount. Speedo Swim Goggles - High quality product with 3.7 star rating.,True,5
P0108,SG Cricket Bat,Sports,8579.37,15,7292.47,4.7,7980,575,West,Credit Card,https://dummyimage.com/300x300/9B59B6/ffffff?text=Spo,Best Sports product with 15% discount. SG Cricket Bat - High quality product with 4.7 star rating.,True,6
P0109,Prasanna Hockey Stick,Sports,8854.75,5,8412.01,4.2,6500,3601,East,COD,https://dummyimage.com/300x300/9B59B6/ffffff?text=Spo,Best Sports product with 5% discount. Prasanna Hockey Stick - High quality product with 4.2 star rating.,True,3
P0110,Yonex Badminton Racket,Sports,6431.19,40,3858.72,4.2,3582,4381,East,PayPal,https://dummyimage.com/300x300/9B59B6/ffffff?text=Spo,Best Sports product with 40% discount. Yonex Badminton Racket - High quality product with 4.2 star rating.,True,5
P0111,Stag Table Tennis,Sports,13024.79,0,13024.79,4.9,698,4244,West,UPI,https://dummyimage.com/300x300/9B59B6/ffffff?text=Spo,Best Sports product with 0% discount. Stag Table Tennis - High quality product with 4.9 star rating.,True,1
P0112,Everlast Boxing Gloves,Sports,7955.44,30,5568.81,4.1,961,723,Central,Credit Card,https://dummyimage.com/300x300/9B59B6/ffffff?text=Spo,Best Sports product with 30% discount. Everlast Boxing Gloves - High quality product with 4.1 star rating.,True,6
P0113,Skipping Rope,Sports,20963.15,10,18866.84,3.6,5500,3058,South,Debit Card,https://dummyimage.com/300x300/9B59B6/ffffff?text=Spo,Best Sports product with 10% discount. Skipping Rope - High quality product with 3.6 star rating.,True,6
P0114,Cultsport Treadmill,Sports,14123.12,15,12004.65,3.8,8048,4896,South,PayPal,https://dummyimage.com/300x300/9B59B6/ffffff?text=Spo,Best Sports product with 15% discount. Cultsport Treadmill - High quality product with 3.8 star rating.,True,2
P0115,Exercise Bike,Sports,10395.73,30,7277.01,5.0,3472,3080,North,Credit Card,https://dummyimage.com/300x300/9B59B6/ffffff?text=Spo,Best Sports product with 30% discount. Exercise Bike - High quality product with 5.0 star rating.,True,3
P0116,Optimum Nutrition Protein Powder,Sports,12786.04,35,8310.93,3.7,3320,3301,East,COD,https://dummyimage.com/300x300/9B59B6/ffffff?text=Spo,Best Sports product with 35% discount. Optimum Nutrition Protein Powder - High quality product with 3.7 star rating.,True,2
P0117,Gym Bag,Sports,20191.28,35,13124.33,4.6,2548,3984,West,Debit Card,https://dummyimage.com/300x300/9B59B6/ffffff?text=Spo,Best Sports product with 35% discount. Gym Bag - High quality product with 4.6 star rating.,True,5
P0118,Milton Water Bottle,Sports,10337.89,30,7236.52,4.8,6160,4426,North,UPI,https://dummyimage.com/300x300/9B59B6/ffffff?text=Spo,Best Sports product with 30% discount. Milton Water Bottle - High quality product with 4.8 star rating.,True,5
P0119,Xiaomi Fitness Tracker,Sports,21948.17,5,20850.76,4.8,6862,3595,South,PayPal,https://dummyimage.com/300x300/9B59B6/ffffff?text=Spo,Best Sports product with 5% discount. Xiaomi Fitness Tracker - High quality product with 4.8 star rating.,True,4
P0120,Nike Training Shoes,Sports,20817.17,20,16653.73,4.1,7093,3578,West,Credit Card,https://dummyimage.com/300x300/9B59B6/ffffff?text=Spo,Best Sports product with 20% discount. Nike Training Shoes - High quality product with 4.1 star rating.,True,3
P0121,Puma Sports Bra,Sports,22395.44,0,22395.44,4.2,2583,4617,South,UPI,https://dummyimage.com/300x300/9B59B6/ffffff?text=Spo,Best Sports product with 0% discount. Puma Sports Bra - High quality product with 4.2 star rating.,True,1
P0122,Decathlon Backpack,Sports,3742.1,50,1871.05,4.1,6819,442,Central,UPI,https://dummyimage.com/300x300/9B59B6/ffffff?text=Spo,Best Sports product with 50% discount. Decathlon Backpack - High quality product with 4.1 star rating.,True,5
P0123,LEGO Creator Expert,Toys,190.11,5,180.61,4.3,5485,41,South,Credit Card,https://dummyimage.com/300x300/E67E22/ffffff?text=Toy,Best Toys product with 5% discount. LEGO Creator Expert - High quality product with 4.3 star rating.,True,6
P0124,Barbie Dreamhouse,Toys,4165.73,30,2916.01,3.7,351,4053,East,Credit Card,https://dummyimage.com/300x300/E67E22/ffffff?text=Toy,Best Toys product with 30% discount. Barbie Dreamhouse - High quality product with 3.7 star rating.,True,3
P0125,Hot Wheels 50 Car Set,Toys,3027.32,40,1816.39,4.2,9910,3473,South,UPI,https://dummyimage.com/300x300/E67E22/ffffff?text=Toy,Best Toys product with 40% discount. Hot Wheels 50 Car Set - High quality product with 4.2 star rating.,True,2
P0126,Remote Control Monster Truck,Toys,2167.98,5,2059.58,3.7,1396,3777,East,UPI,https://dummyimage.com/300x300/E67E22/ffffff?text=Toy,Best Toys product with 5% discount. Remote Control Monster Truck - High quality product with 3.7 star rating.,True,2
P0127,Jellycat Teddy Bear,Toys,434.42,50,217.21,3.9,7689,1137,East,COD,https://dummyimage.com/300x300/E67E22/ffffff?text=Toy,Best Toys product with 50% discount. Jellycat Teddy Bear - High quality product with 3.9 star rating.,True,6
P0128,Monopoly Board Game,Toys,761.51,35,494.98,3.8,7725,751,West,COD,https://dummyimage.com/300x300/E67E22/ffffff?text=Toy,Best Toys product with 35% discount. Monopoly Board Game - High quality product with 3.8 star rating.,True,3
P0129,Ravensburger Puzzle,Toys,4247.4,50,2123.7,4.4,491,154,South,UPI,https://dummyimage.com/300x300/E67E22/ffffff?text=Toy,Best Toys product with 50% discount. Ravensburger Puzzle - High quality product with 4.4 star rating.,True,1
P0130,Marvel Action Figures,Toys,2122.69,50,1061.34,4.4,7980,4227,South,UPI,https://dummyimage.com/300x300/E67E22/ffffff?text=Toy,Best Toys product with 50% discount. Marvel Action Figures - High quality product with 4.4 star rating.,True,3
P0131,Play-Doh Set,Toys,1433.51,5,1361.84,3.7,9838,3116,East,COD,https://dummyimage.com/300x300/E67E22/ffffff?text=Toy,Best Toys product with 5% discount. Play-Doh Set - High quality product with 3.7 star rating.,False,1
P0132,Nerf Elite Gun,Toys,4756.16,30,3329.31,4.3,4117,1342,East,UPI,https://dummyimage.com/300x300/E67E22/ffffff?text=Toy,Best Toys product with 30% discount. Nerf Elite Gun - High quality product with 4.3 star rating.,True,5
P0133,Thomas Train Set,Toys,3492.16,25,2619.12,5.0,6619,3727,East,PayPal,https://dummyimage.com/300x300/E67E22/ffffff?text=Toy,Best Toys product with 25% discount. Thomas Train Set - High quality product with 5.0 star rating.,True,2
P0134,Dinosaur Toy,Toys,293.19,45,161.26,4.4,8602,3991,South,UPI,https://dummyimage.com/300x300/E67E22/ffffff?text=Toy,Best Toys product with 45% discount. Dinosaur Toy - High quality product with 4.4 star rating.,True,6
P0135,Superhero Mask,Toys,690.56,30,483.39,3.9,8017,1522,East,UPI,https://dummyimage.com/300x300/E67E22/ffffff?text=Toy,Best Toys product with 30% discount. Superhero Mask - High quality product with 3.9 star rating.,True,6
P0136,Magic Trick Set,Toys,368.92,10,332.03,4.0,3571,615,North,COD,https://dummyimage.com/300x300/E67E22/ffffff?text=Toy,Best Toys product with 10% discount. Magic Trick Set - High quality product with 4.0 star rating.,True,5
P0137,Minecraft Video Game,Toys,477.07,20,381.66,4.3,4288,4460,North,Debit Card,https://dummyimage.com/300x300/E67E22/ffffff?text=Toy,Best Toys product with 20% discount. Minecraft Video Game - High quality product with 4.3 star rating.,True,1
P0138,Stuffed Animal Collection,Toys,3715.49,0,3715.49,4.8,9333,3522,East,PayPal,https://dummyimage.com/300x300/E67E22/ffffff?text=Toy,Best Toys product with 0% discount. Stuffed Animal Collection - High quality product with 4.8 star rating.,False,3
P0139,Frisbee,Toys,4386.04,5,4166.74,4.9,3820,814,West,UPI,https://dummyimage.com/300x300/E67E22/ffffff?text=Toy,Best Toys product with 5% discount. Frisbee - High quality product with 4.9 star rating.,True,5
P0140,Water Gun,Toys,284.22,40,170.53,4.4,1781,1263,North,PayPal,https://dummyimage.com/300x300/E67E22/ffffff?text=Toy,Best Toys product with 40% discount. Water Gun - High quality product with 4.4 star rating.,True,4
P0141,Toy Drone,Toys,3714.15,0,3714.15,3.7,1175,376,South,Debit Card,https://dummyimage.com/300x300/E67E22/ffffff?text=Toy,Best Toys product with 0% discount. Toy Drone - High quality product with 3.7 star rating.,True,5
P0142,RC Helicopter,Toys,306.26,0,306.26,4.9,2642,4495,North,Credit Card,https://dummyimage.com/300x300/E67E22/ffffff?text=Toy,Best Toys product with 0% discount. RC Helicopter - High quality product with 4.9 star rating.,True,4
P0143,Building Blocks,Toys,4786.44,20,3829.15,4.7,9140,4806,East,UPI,https://dummyimage.com/300x300/E67E22/ffffff?text=Toy,Best Toys product with 20% discount. Building Blocks - High quality product with 4.7 star rating.,False,4
P0144,Atomic Habits,Books,288.46,35,187.5,4.9,5439,885,East,UPI,https://dummyimage.com/300x300/3498DB/ffffff?text=Boo,Best Books product with 35% discount. Atomic Habits - High quality product with 4.9 star rating.,True,3
P0145,Rich Dad Poor Dad,Books,611.93,45,336.56,3.6,6412,3846,Central,UPI,https://dummyimage.com/300x300/3498DB/ffffff?text=Boo,Best Books product with 45% discount. Rich Dad Poor Dad - High quality product with 3.6 star rating.,True,1
P0146,The Psychology of Money,Books,1602.96,15,1362.51,5.0,9798,1915,South,COD,https://dummyimage.com/300x300/3498DB/ffffff?text=Boo,Best Books product with 15% discount. The Psychology of Money - High quality product with 5.0 star rating.,True,6
P0147,Think and Grow Rich,Books,2989.37,10,2690.44,4.7,4886,893,North,Credit Card,https://dummyimage.com/300x300/3498DB/ffffff?text=Boo,Best Books product with 10% discount. Think and Grow Rich - High quality product with 4.7 star rating.,True,5
P0148,Harry Potter Complete Set,Books,365.31,40,219.19,4.1,9189,1219,North,PayPal,https://dummyimage.com/300x300/3498DB/ffffff?text=Boo,Best Books product with 40% discount. Harry Potter Complete Set - High quality product with 4.1 star rating.,True,1
P0149,The Alchemist,Books,1054.25,40,632.55,4.3,964,984,West,COD,https://dummyimage.com/300x300/3498DB/ffffff?text=Boo,Best Books product with 40% discount. The Alchemist - High quality product with 4.3 star rating.,True,2
P0150,1984,Books,1644.55,20,1315.64,3.8,3030,796,Central,UPI,https://dummyimage.com/300x300/3498DB/ffffff?text=Boo,Best Books product with 20% discount. 1984 - High quality product with 3.8 star rating.,True,5
P0151,Pride and Prejudice,Books,1493.7,10,1344.33,4.7,1601,3112,South,COD,https://dummyimage.com/300x300/3498DB/ffffff?text=Boo,Best Books product with 10% discount. Pride and Prejudice - High quality product with 4.7 star rating.,True,1
P0152,The Subtle Art of Not Giving a F*ck,Books,2648.03,10,2383.22,4.8,2149,1705,Central,COD,https://dummyimage.com/300x300/3498DB/ffffff?text=Boo,Best Books product with 10% discount. The Subtle Art of Not Giving a F*ck - High quality product with 4.8 star rating.,True,5
P0153,Ikigai,Books,2072.41,50,1036.2,4.6,6160,557,South,Credit Card,https://dummyimage.com/300x300/3498DB/ffffff?text=Boo,Best Books product with 50% discount. Ikigai - High quality product with 4.6 star rating.,True,2
P0154,The Power of Now,Books,473.72,50,236.86,3.8,9776,3999,South,Debit Card,https://dummyimage.com/300x300/3498DB/ffffff?text=Boo,Best Books product with 50% discount. The Power of Now - High quality product with 3.8 star rating.,True,5
P0155,Sapiens,Books,1571.66,30,1100.16,3.8,9892,1137,North,Credit Card,https://dummyimage.com/300x300/3498DB/ffffff?text=Boo,Best Books product with 30% discount. Sapiens - High quality product with 3.8 star rating.,True,2
P0156,The Hobbit,Books,1938.62,35,1260.1,4.7,1017,2515,South,Credit Card,https://dummyimage.com/300x300/3498DB/ffffff?text=Boo,Best Books product with 35% discount. The Hobbit - High quality product with 4.7 star rating.,False,4
P0157,The Lord of the Rings,Books,1934.6,20,1547.68,3.7,7069,1888,West,PayPal,https://dummyimage.com/300x300/3498DB/ffffff?text=Boo,Best Books product with 20% discount. The Lord of the Rings - High quality product with 3.7 star rating.,True,1
P0158,Game of Thrones,Books,2335.85,0,2335.85,4.4,2762,22,South,COD,https://dummyimage.com/300x300/3498DB/ffffff?text=Boo,Best Books product with 0% discount. Game of Thrones - High quality product with 4.4 star rating.,True,6
P0159,The Da Vinci Code,Books,2923.12,15,2484.65,4.5,5053,2429,West,UPI,https://dummyimage.com/300x300/3498DB/ffffff?text=Boo,Best Books product with 15% discount. The Da Vinci Code - High quality product with 4.5 star rating.,True,6
P0160,The Silent Patient,Books,1178.32,10,1060.49,3.9,9655,4834,Central,Debit Card,https://dummyimage.com/300x300/3498DB/ffffff?text=Boo,Best Books product with 10% discount. The Silent Patient - High quality product with 3.9 star rating.,True,5
P0161,Where the Crawdads Sing,Books,2577.21,30,1804.05,4.7,1108,1824,South,Debit Card,https://dummyimage.com/300x300/3498DB/ffffff?text=Boo,Best Books product with 30% discount. Where the Crawdads Sing - High quality product with 4.7 star rating.,True,3
P0162,It Ends With Us,Books,2617.36,35,1701.28,4.1,4126,4965,East,Debit Card,https://dummyimage.com/300x300/3498DB/ffffff?text=Boo,Best Books product with 35% discount. It Ends With Us - High quality product with 4.1 star rating.,True,1
P0163,Verity,Books,1382.67,50,691.33,4.1,943,3599,South,UPI,https://dummyimage.com/300x300/3498DB/ffffff?text=Boo,Best Books product with 50% discount. Verity - High quality product with 4.1 star rating.,True,1
P0164,Meguiar's Car Polish,Automotive,13103.0,5,12447.85,4.8,2265,3611,West,Credit Card,https://dummyimage.com/300x300/95A5A6/ffffff?text=Aut,Best Automotive product with 5% discount. Meguiar's Car Polish - High quality product with 4.8 star rating.,True,5
P0165,Castrol Bike Oil,Automotive,3242.43,50,1621.21,4.8,6352,4445,West,UPI,https://dummyimage.com/300x300/95A5A6/ffffff?text=Aut,Best Automotive product with 50% discount. Castrol Bike Oil - High quality product with 4.8 star rating.,True,2
P0166,Xiaomi Tire Inflator,Automotive,12409.68,40,7445.81,3.5,1885,1764,North,Credit Card,https://dummyimage.com/300x300/95A5A6/ffffff?text=Aut,Best Automotive product with 40% discount. Xiaomi Tire Inflator - High quality product with 3.5 star rating.,True,6
P0167,Car Vacuum Cleaner,Automotive,11723.03,20,9378.43,4.4,593,395,Central,Credit Card,https://dummyimage.com/300x300/95A5A6/ffffff?text=Aut,Best Automotive product with 20% discount. Car Vacuum Cleaner - High quality product with 4.4 star rating.,True,2
P0168,PU Leather Seat Cover,Automotive,13673.04,5,12989.39,4.2,8367,1568,East,UPI,https://dummyimage.com/300x300/95A5A6/ffffff?text=Aut,Best Automotive product with 5% discount. PU Leather Seat Cover - High quality product with 4.2 star rating.,True,4
P0169,Steering Wheel Cover,Automotive,15641.05,35,10166.68,4.6,3772,1577,North,Debit Card,https://dummyimage.com/300x300/95A5A6/ffffff?text=Aut,Best Automotive product with 35% discount. Steering Wheel Cover - High quality product with 4.6 star rating.,False,6
P0170,Phone Holder,Automotive,12439.48,15,10573.56,4.0,9137,4338,West,Credit Card,https://dummyimage.com/300x300/95A5A6/ffffff?text=Aut,Best Automotive product with 15% discount. Phone Holder - High quality product with 4.0 star rating.,True,1
P0171,Anker Car Charger,Automotive,17674.16,0,17674.16,4.7,7843,918,South,PayPal,https://dummyimage.com/300x300/95A5A6/ffffff?text=Aut,Best Automotive product with 0% discount. Anker Car Charger - High quality product with 4.7 star rating.,True,2
P0172,NOCO Jump Starter,Automotive,16464.53,45,9055.49,3.8,1905,317,East,COD,https://dummyimage.com/300x300/95A5A6/ffffff?text=Aut,Best Automotive product with 45% discount. NOCO Jump Starter - High quality product with 3.8 star rating.,True,6
P0173,Stanley Tool Kit,Automotive,12408.77,40,7445.26,4.6,5393,3912,South,Debit Card,https://dummyimage.com/300x300/95A5A6/ffffff?text=Aut,Best Automotive product with 40% discount. Stanley Tool Kit - High quality product with 4.6 star rating.,True,6
P0174,3D Car Mats,Automotive,12322.71,30,8625.9,4.5,217,900,South,PayPal,https://dummyimage.com/300x300/95A5A6/ffffff?text=Aut,Best Automotive product with 30% discount. 3D Car Mats - High quality product with 4.5 star rating.,True,1
P0175,Air Freshener,Automotive,3447.19,50,1723.59,4.6,7189,2135,West,UPI,https://dummyimage.com/300x300/95A5A6/ffffff?text=Aut,Best Automotive product with 50% discount. Air Freshener - High quality product with 4.6 star rating.,True,3
P0176,Windshield Cleaner,Automotive,4540.44,30,3178.31,4.2,4790,1928,Central,UPI,https://dummyimage.com/300x300/95A5A6/ffffff?text=Aut,Best Automotive product with 30% discount. Windshield Cleaner - High quality product with 4.2 star rating.,True,3
P0177,Philips Headlight Bulb,Automotive,3401.12,25,2550.84,4.6,671,4645,North,COD,https://dummyimage.com/300x300/95A5A6/ffffff?text=Aut,Best Automotive product with 25% discount. Philips Headlight Bulb - High quality product with 4.6 star rating.,True,2
P0178,Car Cover,Automotive,8184.57,25,6138.43,3.5,362,903,West,Credit Card,https://dummyimage.com/300x300/95A5A6/ffffff?text=Aut,Best Automotive product with 25% discount. Car Cover - High quality product with 3.5 star rating.,True,2
P0179,Roof Carrier,Automotive,14905.59,15,12669.75,4.4,9589,3454,West,Debit Card,https://dummyimage.com/300x300/95A5A6/ffffff?text=Aut,Best Automotive product with 15% discount. Roof Carrier - High quality product with 4.4 star rating.,True,1
P0180,Basmati Rice 5kg,Grocery,1052.29,40,631.38,4.2,5641,3812,South,PayPal,https://dummyimage.com/300x300/27AE60/ffffff?text=Gro,Best Grocery product with 40% discount. Basmati Rice 5kg - High quality product with 4.2 star rating.,True,2
P0181,Ashirvaad Wheat Flour,Grocery,1984.66,45,1091.56,4.9,3724,530,Central,Credit Card,https://dummyimage.com/300x300/27AE60/ffffff?text=Gro,Best Grocery product with 45% discount. Ashirvaad Wheat Flour - High quality product with 4.9 star rating.,True,4
P0182,Sugar 1kg,Grocery,1822.61,30,1275.83,4.4,535,2,Central,UPI,https://dummyimage.com/300x300/27AE60/ffffff?text=Gro,Best Grocery product with 30% discount. Sugar 1kg - High quality product with 4.4 star rating.,True,1
P0183,Tata Salt,Grocery,532.1,35,345.87,4.4,3165,130,North,COD,https://dummyimage.com/300x300/27AE60/ffffff?text=Gro,Best Grocery product with 35% discount. Tata Salt - High quality product with 4.4 star rating.,True,4
P0184,Fortune Cooking Oil,Grocery,553.36,20,442.69,3.5,5553,4556,West,UPI,https://dummyimage.com/300x300/27AE60/ffffff?text=Gro,Best Grocery product with 20% discount. Fortune Cooking Oil - High quality product with 3.5 star rating.,True,3
P0185,MDH Spices Box,Grocery,1773.23,25,1329.93,3.8,5734,2892,North,Credit Card,https://dummyimage.com/300x300/27AE60/ffffff?text=Gro,Best Grocery product with 25% discount. MDH Spices Box - High quality product with 3.8 star rating.,True,3
P0186,Taj Mahal Tea,Grocery,1899.74,40,1139.84,3.8,6109,1308,North,COD,https://dummyimage.com/300x300/27AE60/ffffff?text=Gro,Best Grocery product with 40% discount. Taj Mahal Tea - High quality product with 3.8 star rating.,True,5
P0187,Nescafe Coffee,Grocery,1090.35,0,1090.35,4.8,9781,2204,West,COD,https://dummyimage.com/300x300/27AE60/ffffff?text=Gro,Best Grocery product with 0% discount. Nescafe Coffee - High quality product with 4.8 star rating.,True,2
P0188,Lays Snacks,Grocery,1974.05,40,1184.43,4.3,9245,282,Central,Credit Card,https://dummyimage.com/300x300/27AE60/ffffff?text=Gro,Best Grocery product with 40% discount. Lays Snacks - High quality product with 4.3 star rating.,True,6
P0189,Parle Biscuits,Grocery,401.02,50,200.51,4.0,9210,1230,West,PayPal,https://dummyimage.com/300x300/27AE60/ffffff?text=Gro,Best Grocery product with 50% discount. Parle Biscuits - High quality product with 4.0 star rating.,True,2
P0190,Dairy Milk Chocolate,Grocery,1931.98,50,965.99,3.5,7483,3869,North,COD,https://dummyimage.com/300x300/27AE60/ffffff?text=Gro,Best Grocery product with 50% discount. Dairy Milk Chocolate - High quality product with 3.5 star rating.,True,4
P0191,Real Juice,Grocery,1087.88,30,761.51,3.5,1979,2794,West,PayPal,https://dummyimage.com/300x300/27AE60/ffffff?text=Gro,Best Grocery product with 30% discount. Real Juice - High quality product with 3.5 star rating.,True,5
P0192,Coca Cola,Grocery,915.31,20,732.25,4.9,1208,3874,North,PayPal,https://dummyimage.com/300x300/27AE60/ffffff?text=Gro,Best Grocery product with 20% discount. Coca Cola - High quality product with 4.9 star rating.,True,6
P0193,Maggi Noodles,Grocery,1019.49,0,1019.49,4.7,312,3953,West,COD,https://dummyimage.com/300x300/27AE60/ffffff?text=Gro,Best Grocery product with 0% discount. Maggi Noodles - High quality product with 4.7 star rating.,True,6
P0194,Barilla Pasta,Grocery,1841.42,0,1841.42,3.8,3134,1328,Central,Credit Card,https://dummyimage.com/300x300/27AE60/ffffff?text=Gro,Best Grocery product with 0% discount. Barilla Pasta - High quality product with 3.8 star rating.,True,4
P0195,Kissan Sauce,Grocery,360.61,25,270.46,4.0,7858,4784,Central,Credit Card,https://dummyimage.com/300x300/27AE60/ffffff?text=Gro,Best Grocery product with 25% discount. Kissan Sauce - High quality product with 4.0 star rating.,True,1
P0196,Mother's Recipe Pickle,Grocery,262.76,5,249.63,4.1,1677,1638,East,PayPal,https://dummyimage.com/300x300/27AE60/ffffff?text=Gro,Best Grocery product with 5% discount. Mother's Recipe Pickle - High quality product with 4.1 star rating.,True,1
P0197,Dabur Honey,Grocery,668.53,50,334.27,4.1,8199,822,North,UPI,https://dummyimage.com/300x300/27AE60/ffffff?text=Gro,Best Grocery product with 50% discount. Dabur Honey - High quality product with 4.1 star rating.,True,4
P0198,Kissan Jam,Grocery,1239.17,20,991.34,4.1,5602,1441,North,Credit Card,https://dummyimage.com/300x300/27AE60/ffffff?text=Gro,Best Grocery product with 20% discount. Kissan Jam - High quality product with 4.1 star rating.,True,6
P0199,Amul Butter,Grocery,192.73,10,173.46,3.8,7127,2890,South,Credit Card,https://dummyimage.com/300x300/27AE60/ffffff?text=Gro,Best Grocery product with 10% discount. Amul Butter - High quality product with 3.8 star rating.,True,2
P0200,Amul Cheese,Grocery,1905.38,5,1810.11,4.2,1187,4761,West,UPI,https://dummyimage.com/300x300/27AE60/ffffff?text=Gro,Best Grocery product with 5% discount. Amul Cheese - High quality product with 4.2 star rating.,True,5
P0201,Nestle Milk Powder,Grocery,529.84,15,450.36,4.4,9145,2391,South,Debit Card,https://dummyimage.com/300x300/27AE60/ffffff?text=Gro,Best Grocery product with 15% discount. Nestle Milk Powder - High quality product with 4.4 star rating.,False,5
P0202,Kelloggs Cornflakes,Grocery,1653.67,50,826.83,3.5,5253,715,East,Debit Card,https://dummyimage.com/300x300/27AE60/ffffff?text=Gro,Best Grocery product with 50% discount. Kelloggs Cornflakes - High quality product with 3.5 star rating.,True,6
P0203,Herman Miller Office Chair,Furniture,17175.55,15,14599.22,3.9,3620,1693,West,COD,https://dummyimage.com/300x300/8E44AD/ffffff?text=Fur,Best Furniture product with 15% discount. Herman Miller Office Chair - High quality product with 3.9 star rating.,True,2
P0204,IKEA Study Table,Furniture,49606.04,5,47125.73,4.1,6797,2138,North,COD,https://dummyimage.com/300x300/8E44AD/ffffff?text=Fur,Best Furniture product with 5% discount. IKEA Study Table - High quality product with 4.1 star rating.,True,4
P0205,Wooden Bookshelf,Furniture,16152.19,30,11306.53,3.9,8115,445,South,Debit Card,https://dummyimage.com/300x300/8E44AD/ffffff?text=Fur,Best Furniture product with 30% discount. Wooden Bookshelf - High quality product with 3.9 star rating.,True,6
P0206,Wardrobe,Furniture,64867.42,0,64867.42,4.1,9910,2939,Central,UPI,https://dummyimage.com/300x300/8E44AD/ffffff?text=Fur,Best Furniture product with 0% discount. Wardrobe - High quality product with 4.1 star rating.,True,1
P0207,Shoe Rack,Furniture,63912.02,45,35151.61,3.8,5762,1661,South,Credit Card,https://dummyimage.com/300x300/8E44AD/ffffff?text=Fur,Best Furniture product with 45% discount. Shoe Rack - High quality product with 3.8 star rating.,True,5
P0208,Dressing Table,Furniture,25560.72,35,16614.47,4.7,7237,3274,North,PayPal,https://dummyimage.com/300x300/8E44AD/ffffff?text=Fur,Best Furniture product with 35% discount. Dressing Table - High quality product with 4.7 star rating.,True,2
P0209,Night Stand,Furniture,37237.88,5,35375.98,3.7,9786,483,West,PayPal,https://dummyimage.com/300x300/8E44AD/ffffff?text=Fur,Best Furniture product with 5% discount. Night Stand - High quality product with 3.7 star rating.,True,5
P0210,TV Unit,Furniture,9465.74,20,7572.59,4.5,997,1547,South,Credit Card,https://dummyimage.com/300x300/8E44AD/ffffff?text=Fur,Best Furniture product with 20% discount. TV Unit - High quality product with 4.5 star rating.,True,5
P0211,Bean Bag,Furniture,6559.46,40,3935.68,5.0,4368,3730,East,PayPal,https://dummyimage.com/300x300/8E44AD/ffffff?text=Fur,Best Furniture product with 40% discount. Bean Bag - High quality product with 5.0 star rating.,True,1
P0212,Electric Recliner,Furniture,56010.02,30,39207.01,4.0,2359,3603,West,PayPal,https://dummyimage.com/300x300/8E44AD/ffffff?text=Fur,Best Furniture product with 30% discount. Electric Recliner - High quality product with 4.0 star rating.,True,5
P0213,Rocking Chair,Furniture,8194.71,35,5326.56,4.5,7853,73,North,COD,https://dummyimage.com/300x300/8E44AD/ffffff?text=Fur,Best Furniture product with 35% discount. Rocking Chair - High quality product with 4.5 star rating.,True,4
P0214,Wooden Stool,Furniture,36507.98,5,34682.58,4.5,2485,3611,Central,PayPal,https://dummyimage.com/300x300/8E44AD/ffffff?text=Fur,Best Furniture product with 5% discount. Wooden Stool - High quality product with 4.5 star rating.,True,4
P0215,Garden Bench,Furniture,27298.03,10,24568.23,3.8,5259,2775,West,PayPal,https://dummyimage.com/300x300/8E44AD/ffffff?text=Fur,Best Furniture product with 10% discount. Garden Bench - High quality product with 3.8 star rating.,True,3
P0216,Bar Stool,Furniture,58990.74,15,50142.13,3.6,3384,1017,South,Credit Card,https://dummyimage.com/300x300/8E44AD/ffffff?text=Fur,Best Furniture product with 15% discount. Bar Stool - High quality product with 3.6 star rating.,True,4
P0217,Patio Furniture Set,Furniture,29110.58,35,18921.88,4.7,1689,237,West,COD,https://dummyimage.com/300x300/8E44AD/ffffff?text=Fur,Best Furniture product with 35% discount. Patio Furniture Set - High quality product with 4.7 star rating.,True,5
P0218,Folding Chair,Furniture,59500.06,35,38675.04,4.3,295,149,West,PayPal,https://dummyimage.com/300x300/8E44AD/ffffff?text=Fur,Best Furniture product with 35% discount. Folding Chair - High quality product with 4.3 star rating.,True,1
P0219,Office Desk,Furniture,49461.94,25,37096.46,3.7,3735,4577,South,UPI,https://dummyimage.com/300x300/8E44AD/ffffff?text=Fur,Best Furniture product with 25% discount. Office Desk - High quality product with 3.7 star rating.,True,5
P0220,Computer Table,Furniture,29013.1,40,17407.86,4.3,5972,4931,West,PayPal,https://dummyimage.com/300x300/8E44AD/ffffff?text=Fur,Best Furniture product with 40% discount. Computer Table - High quality product with 4.3 star rating.,True,6
